brand,id_,price,productName
Anna Field,1,£15.99,2 PACK - Long sleeved top
Even&Odd,2,£15.99,BODYSUIT - Long sleeved top
Mango,3,£29.99,OPENWORK  - Top
Anna Field,4,£8.09,Top
Anna Field,5,£8.99,Print T-shirt
Tommy Hilfiger,6,£26.24,Print T-shirt
Tommy Jeans,7,£26.99,SHORTSLEEVE STRETCH TEE - Basic T-shirt
Anna Field,8,£9.99,Basic T-shirt
Even&Odd,9,£14.99,Print T-shirt
Calvin Klein Jeans,10,£26.99,MONOGRAM LOGO TEE - Basic T-shirt
Zign,11,£10.99,RACER NECK - Top
Anna Field Curvy,12,£11.19,Print T-shirt
Levi's®,13,£13.99,PERFECT TEE - Basic T-shirt
Even&Odd,14,£13.99,Long sleeved top
Anna Field,15,£8.99,Long sleeved top
Anna Field,16,£8.99,Long sleeved top
Anna Field,17,£12.99,Top
Even&Odd,18,£7.99,Basic T-shirt
GANT,19,£32.99,THE SUMMER - Polo shirt
Anna Field,20,£15.99,Top
Even&Odd,21,£7.79,Print T-shirt
Zign,22,£10.99,RACER NECK - Top
Even&Odd,23,£15.99,BODYSUIT - Long sleeved top
Mango,24,£35.99,Blouse
Abercrombie & Fitch,25,£59.99,5 PACK - Basic T-shirt
Anna Field,26,£10.39,2 PACK - Top
Even&Odd,27,£9.59,2 PACK - Basic T-shirt
Even&Odd,28,£17.59,Basic T-shirt
Zign,29,£10.99,Top
Anna Field,30,£9.99,Long sleeved top
Even&Odd,31,£12.99,Top
Anna Field,32,£14.99,Long sleeved top
Levi's®,33,£13.19,Print T-shirt
Anna Field,34,£9.99,Basic T-shirt
Guess,35,£23.99,MIRIANA TEE - Print T-shirt - true white
Anna Field,36,£7.14,Top
Anna Field,37,£7.79,HATTIE - Print T-shirt
Anna Field,38,£9.74,Print T-shirt
Hollister Co.,39,£13.19,Print T-shirt
Esprit,40,£15.29,COO TEE - Long sleeved top
Anna Field,41,£13.59,Top
Levi's®,42,£15.59,HOUSEMARK GRAPHIC TEE UNISEX - Print T-shirt
Even&Odd,43,£10.99,Basic T-shirt
Hollister Co.,44,£13.29,TIMELESS - Print T-shirt
Calvin Klein Jeans,45,£25.49,CENSORED TEE - Print T-shirt
Levi's®,46,£17.49,THE PERFECT - Print T-shirt
Anna Field,47,£14.99,Print T-shirt
Anna Field,48,£15.99,3 PACK - Top
Anna Field,49,£11.19,Top
Ted Baker,50,£44.99,SIINA SCALLOP NECKLINE CAMI TOP - Top
Even&Odd,51,£12.99,Print T-shirt
Soyaconcept,52,£23.99,SC-THILDE - Blouse
Anna Field,53,£8.99,Basic T-shirt
Anna Field,54,£12.99,Print T-shirt
Soyaconcept,55,£23.99,SC-THILDE - Blouse
Levi's®,56,£19.99,PERFECT V NECK - Print T-shirt
Even&Odd,57,£14.39,3 PACK - Basic T-shirt
Anna Field,58,£9.99,MODERN TEE - Basic T-shirt
adidas Originals,59,From £24.95,STRIPES TEE - Print T-shirt
Diesel,60,£37.49,JUST INLOGO UNISEX - Print T-shirt
Levi's®,61,£14.29,ORIGINAL TEE UNISEX - Print T-shirt
Calvin Klein Jeans,62,£22.49,SHRUNKEN INSTITUTIONAL TEE - Print T-shirt
Vero Moda,63,£18.99,VMFRANCA - Long sleeved top
Anna Field,64,£14.99,Basic T-shirt
Anna Field,65,£15.99,TOP-LINEN BLEND - Top
Cotton On,66,£16.99,KERR TANK 2 PACK - Top
YOURTURN,67,£14.39,UNISEX - Print T-shirt
Vila,68,£23.99,VISTASIA  - Blouse
Even&Odd,69,£12.99,SQUARE NECK CROP 2 PACK - Top
Even&Odd Curvy,70,£8.99,Print T-shirt
Anna Field,71,£9.59,Long sleeved top
Anna Field,72,£12.99,Print T-shirt
Hollister Co.,73,£38.99,SLIM CREW 3 PACK - Print T-shirt
Tommy Jeans,74,£29.99,ESSENTIAL LOGO TEE - Print T-shirt
Soyaconcept,75,£23.99,SC-THILDE - Blouse
Nike Sportswear,76,£15.39,TEE BOY LOVE - Print T-shirt
Opus,77,£22.99,ILAYDA - Top
Tommy Hilfiger,78,From £24.99,HERITAGE CREW NECK TEE - Basic T-shirt
Levi's®,79,£24.99,PERFECT V NECK - Print T-shirt
Anna Field,80,£6.59,Top
Weekday,81,£19.49,ZIA LONG SLEEVE - Long sleeved top
Anna Field,82,£10.99,Top
Weekday,83,£10.79,SENA LONG SLEEVE - Long sleeved top
Moss Copenhagen,84,£21.99,ALVA TEE - Print T-shirt
JDY,85,£17.99,JDYDESHA - Top
Weekday,86,£21.99,ERIN - Polo shirt
Anna Field,87,£21.99,3 PACK - Basic T-shirt
Calvin Klein Jeans,88,£39.99,IRIDESCENT METALLIC LOGO TEE - Print T-shirt
G-Star,89,£13.99,MYSID R T OPTIC SLIM WMN  - Print T-shirt
Calvin Klein Jeans,90,£29.99,MONOGRAM TEE - Print T-shirt
Even&Odd,91,£7.79,Top
Even&Odd,92,£17.99,2 PACK - Top
Nike Sportswear,93,£22.99,Print T-shirt
Esprit,94,£30.99,Basic T-shirt
Lauren Ralph Lauren,95,£33.99,Basic T-shirt
JDY,96,£17.99,JDYNANNA - Top
Even&Odd,97,£15.99,Print T-shirt
Moss Copenhagen,98,£16.99,ALVA PLAIN TEE - Basic T-shirt
Anna Field Curvy,99,£13.49,Print T-shirt
Anna Field,100,£9.59,Print T-shirt
Hollister Co.,101,£38.99,EASY BASIC 3 PACK - Basic T-shirt
Culture,102,£44.99,BLOUSE - Long sleeved top
Anna Field,103,£9.99,BASIC - Long sleeved top
Tommy Hilfiger,104,£24.99,ALISSA REGULAR TEE - Print T-shirt
Even&Odd,105,£12.99,Print T-shirt
Anna Field,106,£12.99,Basic T-shirt
Vero Moda,107,£11.99,VMAVA PLAIN - Basic T-shirt
Anna Field,108,£12.99,Top
ONLY,109,£14.99,ONLVIC - Print T-shirt
Levi's®,110,£24.49,POKEMON WOMEN'S POKEMON TEE - Print T-shirt
GAP,111,£13.19,HENLEY - Long sleeved top
ONLY,112,£14.99,ONLAYA BOATNECK - Long sleeved top
Anna Field,113,£12.99,Long sleeved top
Anna Field,114,£19.99,Basic T-shirt
edc by Esprit,115,£13.99,TEE - Print T-shirt
Opus,116,From £20.99,SICASO PRINT - Long sleeved top
Anna Field,117,£11.19,2 PACK - Print T-shirt
Anna Field Petite,118,£12.99,Print T-shirt
G-Star,119,£15.99,MYSID R T OPTIC SLIM WMN  - Print T-shirt
Vila,120,£24.99,Top
Tommy Hilfiger,121,£23.99,REGULAR BOX TEE - Print T-shirt
Soyaconcept,122,£23.99,SC-THILDE - Blouse
Vero Moda,123,£18.19,VMLAVENDER 2PACK - Top
Hollister Co.,124,£14.99,SLIM TREND - Long sleeved top
TOM TAILOR,125,£17.99,STRIPE - Long sleeved top
Even&Odd,126,£8.99,Top
Anna Field Curvy,127,£14.99,3er PACK  - Basic T-shirt
Morgan,128,£17.99,BONAFI - Top
Abercrombie & Fitch,129,£20.29,BARE WELLNESS - Top
Esprit,130,£15.29,COO TEE - Long sleeved top
JDY,131,£14.99,JDYFRULLA SMOCK STRAP - Top
edc by Esprit,132,£14.99,CORE HIGH - Basic T-shirt
Nike Sportswear,133,£21.69,Print T-shirt
Vero Moda,134,£9.00,VMSOFIA LACE TOP - Basic T-shirt
Cotton On,135,£12.74,KERR TANK 2 PACK - Top
Even&Odd,136,£14.39,2 PACK - Top
Cotton On,137,£9.74,CLASSIC ARTS TEE - Print T-shirt
Hollister Co.,138,£13.19,Print T-shirt
Hollister Co.,139,£11.39,Print T-shirt
Vero Moda,140,£12.99,VMAVA PLAIN - Basic T-shirt
Monki,141,£7.79,SAMINA - Long sleeved top
Even&Odd,142,£8.39,Top
Abercrombie & Fitch,143,£21.74,COZY HENLEY  - Long sleeved top
YOURTURN,144,£15.99,UNISEX - Print T-shirt
ONLY,145,£10.79,ONLRHONWEN - Long sleeved top
Even&Odd,146,£7.69,Top
Zign,147,£14.99,Top
edc by Esprit,148,£9.99,CORE OCS BASIC - Top
Anna Field,149,£9.99,Basic T-shirt
Monki,150,£12.99,NONNA  - Long sleeved top
Nike Sportswear,151,£18.19,Print T-shirt
Monki,152,£10.39,SAMINA - Long sleeved top
Versace Jeans Couture,153,£119.99,LADY - Print T-shirt
GAP,154,£21.99,SCOOPNECK  - Print T-shirt
Springfield,155,£13.99,CROCHET - Print T-shirt
Trendyol,156,£13.99,Long sleeved top
Cotton On,157,£14.99,CLASSIC MICKEY - Print T-shirt
Vila,158,£12.59,VINOEL BUTTON  - Long sleeved top
Nike Sportswear,159,£13.99,W NSW TEE JDI SLIM - Print T-shirt
Anna Field,160,£15.99,Basic T-shirt
adidas Originals,161,From £19.99,TREFOIL TEE - Print T-shirt
Tommy Jeans,162,£25.99,ORIGINAL SOFT TEE - Basic T-shirt
NEW girl ORDER,163,£32.99,CHECKERBOARD - Print T-shirt
Kaffe,164,£34.99,Long sleeved top
Marc O'Polo,165,£26.99,ROUND NECK SHORT SLEEVE - Print T-shirt
Anna Field,166,£9.59,Long sleeved top
Esprit Collection,167,£28.99,Print T-shirt
Tommy Jeans,168,£23.99,TIMELESS TEE UNISEX - Print T-shirt
NU-IN,169,£23.39,FRONT WRAP LONG SLEEVE - Long sleeved top
Monki,170,£12.99,SAMINA - Long sleeved top
Hollister Co.,171,£11.39,TIMELESS - Print T-shirt
Zign,172,£7.79,Top
Anna Field,173,£7.79,Print T-shirt
Anna Field Petite,174,£12.99,Top
Hollister Co.,175,£16.99,WRAP CAMI TRIFECTA - Top
Anna Field,176,£15.99,3 PACK - Top
Tommy Hilfiger,177,£27.99,REGULAR TEE - Print T-shirt
Tommy Jeans,178,£19.49,ESSENTIAL LOGO TEE - Print T-shirt
Vero Moda,179,£18.59,VMNEELA - Blouse
Mango,180,£35.99,CRUZ - Blouse
Even&Odd,181,£8.99,Long sleeved top
Even&Odd,182,£9.74,Basic T-shirt
Calvin Klein Jeans,183,£25.49,MICRO BRANDING STRETCH MOCK NECK - Print T-shirt
Even&Odd,184,£15.99,Print T-shirt
Soyaconcept,185,£29.99,ARETHA - Print T-shirt
Culture,186,£29.99,KAJSA - Basic T-shirt
JDY,187,£11.99,Print T-shirt
ONLY,188,£21.99,ONLLILLI - Print T-shirt
Morgan,189,£19.59,DIETER - Basic T-shirt
JDY,190,£14.99,JDYAPPA NEW SINGLET - Top
Monki,191,£10.79,MAGDALENA TEE 2 PACK - Print T-shirt
Vero Moda,192,£11.39,VMLAYLA - Basic T-shirt
Cotton On,193,£8.99,THE DEEP  - Basic T-shirt
Cotton On,194,From £8.99,THE DEEP  - Basic T-shirt
JDY,195,£17.99,JDYAPPA EMMA SINGLET - Top
Pieces,196,£14.99,PCANG  - Print T-shirt
GAP,197,£17.99,HENLEY TEE - Basic T-shirt
Even&Odd,198,£10.99,Print T-shirt
Levi's®,199,£15.59,GRAPHIC CREWNECK TEE UNISEX - Print T-shirt
Even&Odd,200,£15.99,2 PACK - Top
Anna Field,201,£8.99,2 PACK - Long sleeved top
Anna Field,202,£14.99,Long sleeved top
Tommy Hilfiger,203,From £24.49,SKINNY OPEN - Print T-shirt
Pieces,204,£10.79,PCINGRID - Print T-shirt
Polo Ralph Lauren,205,£74.99,Print T-shirt
JDY,206,£12.99,JDYAPPA SINGLET - Top
Anna Field,207,£19.99,Long sleeved top
GAP,208,£16.49,FAV HENLEY - Long sleeved top
Vero Moda,209,£12.99,VMAVA PLAIN - Basic T-shirt
Levi's®,210,£15.59,TEE UNISEX - Print T-shirt
Even&Odd,211,£15.99,Print T-shirt
JDY,212,£12.99,JDYAPPA SINGLET - Top - black/desert sun/dusty rose
ONLY,213,£17.99,ONLELCOS - Long sleeved top - light grey melange/black
Nike Sportswear,214,£20.99,MOCK - Long sleeved top
Tommy Jeans,215,£22.74,VARSITY BBALL GRAPHIC TEE UNISEX - Print T-shirt - silver grey
Wallis,216,£21.99,V NECK CAMI - Top
Cotton On,217,£14.99,CLASSIC TEE - Print T-shirt
YOURTURN,218,£12.99,Print T-shirt
BDG Urban Outfitters,219,£13.99,HIGH TANK - Top
Cotton On,220,£8.99,CLASSIC LED ZEPPELIN - Print T-shirt
Versace Jeans Couture,221,£94.99,LADY - Print T-shirt
Tommy Hilfiger,222,£34.99,Print T-shirt
Fashion Union,223,£25.99,STRIDE - Top
Vero Moda,224,£18.59,VMNEELA - Blouse
ONLY,225,£8.99,ONLSIMPLE LIFE BUTTON - Long sleeved top
Anna Field,226,£8.99,Long sleeved top
Anna Field,227,£11.69,Top
ONLY,228,£8.99,ONLPEANUTS LIFE LOVE - Print T-shirt
Monki,229,£14.69,MAJA 2 PACK - Long sleeved top
Hollister Co.,230,£13.29,Print T-shirt
Lindex,231,£14.99,TOM - Print T-shirt
Opus,232,From £19.99,SMILLA - Long sleeved top
ONLY,233,£13.49,ONLVIC - Print T-shirt
Cotton On,234,£14.99,CARA GRAPHIC CROP - Print T-shirt
Hollister Co.,235,£13.19,BUTTON THRU HENLEY - Long sleeved top
ONLY,236,£11.04,ONLFANCY LIFE BOXY  - Print T-shirt
JDY,237,£14.99,JDYFAROCK LIFE PRINT - Print T-shirt
Anna Field,238,£19.99,3 PACK - Top
JDY,239,£17.99,JDYNANNA - Top
Nike Sportswear,240,£21.69,TEE - Print T-shirt
Anna Field,241,£6.59,Top
NA-KD,242,£24.99,NA-KD X ZALANDO EXCLUSIVE OFFSHOULDER DETAIL - Long sleeved top
More & More,243,£22.99,Top
Esprit Collection,244,£19.99,SCALLOP - Long sleeved top
Anna Field,245,£10.99,2 PACK - Top
GAP,246,£20.79,BATEAU - Long sleeved top
YOURTURN,247,£12.99,Print T-shirt
Banana Republic,248,£37.39,PERFECT CAMI CLUSTER SEQUINS - Top
Anna Field,249,£9.59,Long sleeved top
Weekday,250,£12.99,PRIME - Basic T-shirt
BDG Urban Outfitters,251,£18.99,CROSS ALICE CAMI - Top
adidas Originals,252,From £21.24,TREFOIL TEE - Print T-shirt
Esprit,253,£24.99,Print T-shirt
GAP,254,£17.99,TEE - Print T-shirt
Weekday,255,£11.99,STRAP CROP 2 PACK - Top
BDG Urban Outfitters,256,£13.99,BUNGEE STRAP TUBE  - Top - lime space
Zign,257,£8.99,Basic T-shirt
ONLY,258,£11.04,ONLELLA LIFE PUFF - Basic T-shirt
Vero Moda,259,£11.69,VMSUPER - Long sleeved top
Anna Field,260,£8.99,2 PACK - Top
GAP,261,£9.09,TANK - Top
ONLY,262,£14.99,ONLVIC - Print T-shirt
JDY,263,£17.99,JDYNANNA - Top
Vero Moda,264,£10.49,VMALBERTA V NECK SINGLET - Top
Mango,265,£29.99,BUBBLE - Blouse
Anna Field,266,£7.79,Long sleeved top
Cotton On,267,£11.99,KARLY SHORT SLEEVE - Basic T-shirt
Esprit,268,£16.19,CORE - Print T-shirt
Monki,269,£11.04,TOVI TEE - Print T-shirt
ONLY,270,£12.99,ONLVIC SOLID  - Print T-shirt
Vero Moda,271,£12.99,VMAVA PLAIN - Basic T-shirt
Monki,272,£17.99,EILY SINGLET 2 PACK - Top
Hollister Co.,273,£12.34,TIMELESS - Print T-shirt
GAP,274,£18.69,SNOW NEPP - Long sleeved top
Springfield,275,£11.19,Long sleeved top
ONLY,276,£14.99,ONLMOON SINGLET - Top
Zign,277,£7.79,Top
Esprit Collection,278,£34.99,Print T-shirt
GAP,279,£17.99,TEE - Print T-shirt
Vero Moda Petite,280,£12.99,VMONELLA O-NECK TOP PETITE - Print T-shirt
ONLY,281,£14.99,ONLMOSTER ONECK - Basic T-shirt
NU-IN,282,£25.99,CUTOUT TIE BACK - Long sleeved top
Anna Field,283,£8.44,Long sleeved top
Anna Field MAMA,284,£8.99,2er PACK seamless belly bands MATERNITY - Top
Cotton On,285,£9.09,THE BABY TEE - Print T-shirt
Levi's®,286,£17.59,TEE UNISEX - Print T-shirt
ONLY,287,£11.24,ONLPEANUTS LIFE LOVE - Print T-shirt
ONLY,288,£7.79,ONLSIMPLE LIFE BUTTON - Basic T-shirt
Ted Baker,289,£35.74,LYLIE - Print T-shirt
Even&Odd,290,£12.99,SQUARE NECK CROP 2 PACK - Top
Cotton On,291,£11.04,CLASSIC ARTS TEE - Print T-shirt
Monki,292,£15.59,BARB 2 PACK - Long sleeved top
Zign,293,£14.99,Print T-shirt
Vero Moda Tall,294,£17.99,VMHELAOLLY BOX - Print T-shirt
ONLY,295,£9.74,ONLCHLOE LIFE BOXY - Print T-shirt
Even&Odd,296,£10.99,Top
edc by Esprit,297,£17.99,CAP SLEEVE - Print T-shirt
adidas Originals,298,From £19.49,STRIPES TEE - Print T-shirt
NU-IN,299,£15.59,CUTOUT TIE BACK - Long sleeved top
Vero Moda,300,£12.99,VMAVA PLAIN - Basic T-shirt
Calvin Klein Jeans,301,£20.99,LOGO UNISEX - Print T-shirt
ONLY,302,£11.69,ONLFIA LIFE SHORT BOX - Print T-shirt - black/cloud dancer
Marc O'Polo,303,£24.99,SHORT SLEEVE BOAT NECK  - Basic T-shirt
JDY,304,£12.99,JDYAPPA SINGLET - Top
Selected Femme,305,£14.99,SLFMY PERFECT SS TEE BOX CUT-STRI B NOOS - Print T-shirt
JDY,306,£14.99,JDYSUN TANK - Top
Hollister Co.,307,£11.99,TEE CHAIN - Print T-shirt
Nike Sportswear,308,£18.19,AIR  - Print T-shirt
Esprit,309,£13.99,Top
Object,310,£23.99,OBJROSALIA TANK - Top
Vero Moda,311,£14.99,VMHELSINKI  - Print T-shirt
Vila,312,£14.99,VINOEL  - Basic T-shirt
ONLY,313,£12.99,ONLVIC SOLID  - Print T-shirt
Cotton On,314,£12.99,THE CREW - Print T-shirt
JDY,315,£12.99,JDYDODO - Top
GAP,316,£12.99,Basic T-shirt
Levi's®,317,£25.99,THE PERFECT TEE - Print T-shirt
Tommy Hilfiger,318,£34.99,NEW VNECK TEE - Basic T-shirt
Vero Moda,319,£17.99,VMFILLI V NECK TEE - Basic T-shirt
Weekday,320,£5.39,LAST V NECK - Basic T-shirt
InWear,321,£34.99,FAYLINN  - Basic T-shirt
Esprit,322,£17.99,TEE - Basic T-shirt
NU-IN,323,£25.99,RACERNECK - Top
Calvin Klein Jeans,324,£29.99,SHINE BADGE TEE - Print T-shirt
Anna Field,325,£10.99,Top
More & More,326,£34.99,Top
Even&Odd,327,£10.99,Top
Anna Field,328,£12.99,Print T-shirt
Anna Field,329,£11.99,Basic T-shirt
NEW girl ORDER,330,£32.99,CROP TEE - Print T-shirt
Opus,331,£15.99,SANIKA - Basic T-shirt
Anna Field Curvy,332,£11.19,2 PACK - Top
Even&Odd,333,£12.99,2 PACK  - Top
mbyM,334,£39.99,LIONE - Long sleeved top
ONLY,335,£13.29,ONLDISNEY MIX BOX - Print T-shirt
Hollister Co.,336,£16.99,WRAP CAMI TRIFECTA - Top
Anna Field,337,£9.99,Top
Jaded London,338,£34.99,HALTER TOP WITH POPPER FASTENING PATCHWORK PRINT - Top
Opus,339,From £15.99,SANIKA - Basic T-shirt
Esprit,340,£11.99,NOOS CORE OCS  - Print T-shirt
American Eagle,341,£18.59,STITCHED HENLEY - Long sleeved top
Vero Moda,342,£14.99,VMARIA SINGLET - Top
Massimo Dutti,343,£39.95,Long sleeved top
Anna Field,344,£8.99,Top
Nike Sportswear,345,£19.49,TANK - Top
Levi's®,346,£17.49,PERFECT TEE - Basic T-shirt
Anna Field,347,£19.99,3 PACK - Top
Esprit Collection,348,£32.99,Long sleeved top
Even&Odd,349,£10.39,Top
Esprit,350,£11.99,CORE - Basic T-shirt
Tommy Jeans,351,£34.99,CROP BRANDED TEE - Print T-shirt
Morgan,352,£13.99,BEATRI - Top
Kaffe,353,£39.99,KACRISTY - Print T-shirt
ONLY,354,£14.99,ONLALBA - Blouse
Anna Field,355,£30.99,Pussy bow blouse - Blouse
Abercrombie & Fitch,356,£28.99,BARE CROSS BACK - Top
Anna Field,357,£19.99,3 PACK - Basic T-shirt
Vero Moda,358,£15.99,VMINGE SINGLET 2 PACK  - Top
Guess,359,£23.09,ICON TEE - Print T-shirt
Weekday,360,£17.99,HUGE - Basic T-shirt
Polo Ralph Lauren,361,£74.99,Print T-shirt
GAP,362,£12.59,TEE - Print T-shirt
Vero Moda,363,£10.79,ROLLKRAGEN - Long sleeved top
Mavi,364,£10.99,SLEEVELESS - Top
Weekday,365,£8.99,LAST V NECK - Basic T-shirt
Redefined Rebel,366,£15.99,JETT TEE UNISEX - Print T-shirt
Pieces Petite,367,£18.99,PCNANNA - Long sleeved top
JDY,368,£12.99,JDYDODO - Top
Anna Field,369,£15.99,2 PACK - Basic T-shirt
Anna Field,370,£14.99,Print T-shirt
G-Star,371,£29.99,ALLOVER TOP - Print T-shirt
Tommy Hilfiger,372,From £26.24,NEW VNECK TEE - Basic T-shirt
adidas Originals,373,£30.99,ADICOLOR CLASSICS TEE UNISEX - Long sleeved top
Morgan,374,£27.99,Top
Modström,375,£27.89,KROWN - Basic T-shirt
Re.draft,376,£25.49,Blouse
Nike Sportswear,377,£18.19,SCOOP - Basic T-shirt
Vero Moda,378,£15.59,VMHARPER  - Blouse
ONLY,379,£14.99,ONLDREA LIFE SMOCK  - Print T-shirt
Tommy Jeans,380,£27.99,COLLEGE LOGO TEE - Print T-shirt
Calvin Klein Jeans Plus,381,£29.99,ROUND TEE - Print T-shirt
Anna Field,382,£15.99,2 PACK - Basic T-shirt
Esprit,383,£13.99,Top
Even&Odd,384,£12.99,2 PACK  - Top
ONLY,385,£21.99,ONLFIRST LIFE TUNIC - Blouse
Pier One,386,£8.99,Basic T-shirt
Calvin Klein Jeans,387,£20.99,SHRUNKEN INSTITUTIONAL TEE - Print T-shirt
Even&Odd,388,£12.99,Print T-shirt
Massimo Dutti,389,£44.95,Long sleeved top
Esprit,390,£43.99,CRINKLE - Long sleeved top
Anna Field,391,£19.99,3 PACK - Basic T-shirt
Tommy Jeans,392,£24.49,CROP BRANDED TEE - Print T-shirt
Esprit Collection,393,£28.99,Top
Kaffe,394,£34.99,LISE - Basic T-shirt
Levi's®,395,£18.19,THE PERFECT TEE - Print T-shirt
Vero Moda,396,£21.99,VMKAYLA - Top
NA-KD,397,£11.99,Long sleeved top
Cream,398,£39.99,CECILIE SINGLET - Top
Hollister Co.,399,£28.99,ONE SHOULDER TIE 2 PACK - Top
ONLY,400,£17.99,ONLELCOS - Long sleeved top
Tommy Hilfiger,401,£35.99,REGULAR CIRCLE TEE - Print T-shirt
JDY,402,£17.99,JDYCEREN PUFF SLEEVE - Long sleeved top
Re.draft,403,£34.99,GRAPHIC BLOUSE - Long sleeved top
ONLY,404,£18.99,Top
Even&Odd,405,£14.99,Top
Polo Ralph Lauren,406,£54.99,Basic T-shirt
Mango,407,£29.99,Top
Anna Field,408,£30.99,Pussy bow blouse - Blouse
NA-KD,409,£13.99,SHORT SLEEVE - Print T-shirt
Morgan,410,£27.99,DAYAN - Top
The North Face,411,£29.99,ZUMU TEE - Basic T-shirt
Even&Odd,412,£12.99,2 PACK - Top
Zign,413,£12.99,Basic T-shirt
Anna Field,414,£14.99,Top
Lauren Ralph Lauren,415,£59.99,ATHLEISURE  - Polo shirt
ONLY,416,£18.99,ONLDISNEY MIX BOX - Print T-shirt
YAS,417,£14.39,YASSISLAS STRAP TOP  - Top
Even&Odd,418,£7.99,Top
Weekday,419,£12.99,ELINA TANK - Top
Juicy Couture,420,£29.99,BABE BOOBTUBE - Top
Tommy Hilfiger,421,£26.99,REGULAR CLASSIC - Long sleeved top
Re.draft,422,£34.99,BLOUSE WITH DETAIL - Long sleeved top
Mavi,423,£15.99,TEE - Print T-shirt
G-Star,424,£24.99,LASH LOOSE - Basic T-shirt
Springfield,425,£13.99,SEQUEENS - Print T-shirt
Even&Odd,426,£12.99,Top
Wallis,427,£18.74,DOLMAN - Long sleeved top
ONLY,428,£12.99,MIT KURZEN ÄRMELN LOCKERES - Print T-shirt
Pepe Jeans,429,£29.99,CORA - Long sleeved top
mbyM,430,£39.99,LIONE - Long sleeved top
Vero Moda,431,£10.79,VMSAGA - Print T-shirt
Esprit,432,£13.99,Top
Redefined Rebel,433,£15.99,JETT TEE UNISEX - Print T-shirt
Hollister Co.,434,£14.24,TECH CORE - Print T-shirt
Hollister Co.,435,£13.99,OPEN BACK WRAP HALTER - Top
Anna Field,436,£15.99,2 PACK - Long sleeved top
Even&Odd,437,£17.99,2PACK - Basic T-shirt
Vero Moda,438,£7.79,VMAVA - Basic T-shirt
JDY,439,£9.74,LONDON LIFE BUTTON - Basic T-shirt
Weekday,440,£17.99,HUGE - Basic T-shirt
Esprit Collection,441,£31.99,Basic T-shirt
Lauren Ralph Lauren,442,£39.99,Basic T-shirt
Marc O'Polo DENIM,443,£26.99,LONGSLEEVE ROUNDNECK WITH HEM RUFFLES - Long sleeved top
Lauren Ralph Lauren,444,£39.99,Basic T-shirt
Zign,445,£12.59,Top
Tommy Hilfiger,446,£26.99,BOAT NECK TEE 3/4 - Long sleeved top
Pier One,447,£6.99,Print T-shirt
JDY,448,£17.99,JDYNANNA - Top
Rich & Royal,449,£45.49,LONGSLEEVE - Long sleeved top
Vila,450,£17.99,VIEDENA KNOT SINGLET - Top
Nike Sportswear,451,£21.99,Print T-shirt
GAP,452,£17.59,HENLEY - Long sleeved top
Even&Odd,453,£10.99,Long sleeved top
Tommy Jeans,454,£24.49,FLAG TEE - Print T-shirt
Fiorucci,455,£69.99,ANGELS LONG SLEEVES - Long sleeved top
ONLY,456,£18.99,ONLDISNEY MIX BOX - Print T-shirt
Tommy Jeans,457,£40.49,BADGE MOCK NECK LONGSLEEVE UNISEX - Long sleeved top
InWear,458,£44.99,ULRIKAIW - Top
Pieces,459,£17.99,PCKAMALA - Basic T-shirt
Anna Field,460,£9.99,Basic T-shirt
Soyaconcept,461,£29.99,SC-MARICA AOP 113 - Print T-shirt
Esprit,462,£17.99,TEE STRIPE - Print T-shirt
Marc O'Polo,463,£27.29,SHORT SLEEVE ROUND NECK - Basic T-shirt
Anna Field,464,£9.34,Basic T-shirt
Cream,465,£44.99,KATINKA BLOUSE - Print T-shirt
Anna Field,466,£7.79,Basic T-shirt
Vero Moda,467,£21.99,VMRACHEL - Top
TOM TAILOR DENIM,468,£31.99,Long sleeved top
Cotton On,469,£14.99,CLASSIC DISNEY - Print T-shirt
Anna Field Tall,470,£19.99,3 PACK - Top
Tommy Jeans,471,£34.99,BADGE TEE - Basic T-shirt
Anna Field,472,£9.99,BASIC ROUND NECK LONG SLEEVES - Long sleeved top
Calvin Klein Jeans,473,£29.99,GOLD MICRO LOGO MOCK NECK TEE - Print T-shirt
Zign,474,£8.99,Basic T-shirt
Esprit,475,£13.99,Print T-shirt
Re.draft,476,£34.99,STRIPED BLOUSE - Print T-shirt
Massimo Dutti,477,£39.95,Long sleeved top
ONLY,478,£17.99,ONLASTRID SINGLET - Top
Vero Moda,479,£21.99,VMLEAH - Print T-shirt
Vero Moda,480,£18.19,VMGAJA O NECK  - Long sleeved top
Anna Field,481,£14.99,Print T-shirt
Even&Odd,482,£12.99,Basic T-shirt
Trendyol,483,£15.99,Print T-shirt
Cotton On,484,£8.99,CLASSIC TEE - Print T-shirt
InWear,485,£34.99,SICILY - Blouse
Rosemunde,486,£47.99,MEDIUM WIDE - Top
Marc O'Polo DENIM,487,£28.99,ROUNDNECK TURN UP SLEEVE - Basic T-shirt
b.young,488,£20.99,BYTOELLA - Long sleeved top
Tommy Hilfiger,489,£30.79,REGULAR SCRIPT OPEN TEE - Print T-shirt
Anna Field,490,£25.99,5 PACK - Top
Abercrombie & Fitch,491,£34.99,SMOCK WAIST CAMI - Blouse
Vero Moda Petite,492,£14.99,VMAVA PLAIN PETITE - Print T-shirt
Marc O'Polo,493,£34.99,Long sleeved top
ONLY,494,£9.09,ONLLIVELOVE BUTTON DETAIL CROPPED - Top
Calvin Klein Jeans,495,£29.99,SHINE LOGO RACER BACK - Top
ONLY,496,£17.99,ONLLINA - Top
Anna Field,497,£10.19,Long sleeved top
Tommy Jeans,498,£24.49,Print T-shirt
G-Star,499,£29.99,ALLOVER TOP - Print T-shirt
Tommy Hilfiger,500,£49.99,SLIM - Polo shirt
Calvin Klein Jeans,501,£20.99,WASHED INSTITTEE UNISEX - Print T-shirt
b.young,502,£22.49,BYSANNIE  - Long sleeved top
Vero Moda,503,£12.59,VMSAGA - Print T-shirt
Tommy Jeans,504,£23.24,REGULAR C NECK - Basic T-shirt
InWear,505,£34.99,FAYLINN  - Basic T-shirt
Tommy Hilfiger,506,£31.49,REGULAR OPEN SCRIPT TEE - Print T-shirt
Anna Field,507,£7.79,Print T-shirt
Opus,508,£15.99,SANIKA - Basic T-shirt
Moss Copenhagen,509,£44.99,MERILA RIKKELIE - Long sleeved top
Anna Field Petite,510,£11.99,Blouse
Calvin Klein Jeans,511,£29.99,MONOGRAM LOGO TEE - Basic T-shirt
GAP,512,£13.59,CREW 2 PACK - Basic T-shirt
Anna Field,513,£7.14,Top
YAS,514,£34.99,YASFURA SINGLET - Top
Tommy Jeans,515,£29.99,COLLEGE LOGO TEE - Print T-shirt
Springfield,516,£10.99,Print T-shirt
InWear,517,£29.99,AIDEN - Print T-shirt
Even&Odd,518,£7.19,Long sleeved top
ONLY Petite,519,£15.39,ONLLARRA 2 PACK - Top - cloud dancer/nightsky
GAP,520,£17.99,HENLEY TEE - Basic T-shirt
YOURTURN,521,£12.99,Print T-shirt
ONLY Carmakoma,522,£17.99,CARVICA  - Blouse
Esprit Collection,523,£31.99,Long sleeved top
Rosemunde,524,£43.99,Top
Vero Moda Petite,525,£17.99,VMGLEE - Top
Tommy Hilfiger,526,£24.99,ALISSA REGULAR TEE - Print T-shirt
Rich & Royal,527,£34.99,HEAVY - Long sleeved top
Levi's®,528,£21.69,BOYFRIEND TEE - Print T-shirt
Tommy Hilfiger,529,From £24.49,COOL TEE - Basic T-shirt
Hollister Co.,530,£19.79,BUTTON THRU HENLEY - Long sleeved top
Tommy Jeans,531,£20.99,REGULAR SCOOP NECK TEE - Basic T-shirt
NA-KD,532,£11.99,VNECK DETAIL - Long sleeved top
InWear,533,£39.99,VERGE - Basic T-shirt
Marc O'Polo,534,£35.09,LONG SLEEVE - Long sleeved top
Tommy Jeans,535,£22.49,SHADOW TEE UNISEX - Print T-shirt
Esprit Collection,536,£28.99,STRIPE TEE - Print T-shirt
Vero Moda,537,£12.99,VMZOE TANK - Top
Lauren Ralph Lauren,538,£42.99,Print T-shirt
Calvin Klein Jeans Plus,539,£44.99,IRIDESCENT TEE - Print T-shirt
ONLY,540,£12.99,ONLARLI  - Print T-shirt
Kaffe,541,£39.99,KASARY TILLY BLOUSE - Long sleeved top
Anna Field,542,£14.99,Top
Morgan,543,£14.99,DENO - Print T-shirt
Anna Field,544,£19.99,3 PACK - Top
edc by Esprit,545,£13.99,V NECK TEE - Print T-shirt
ICHI,546,£29.99,IHLIKE - Top
Tommy Hilfiger,547,£44.99,HERITAGE LONG SLEEVE SLIM  - Polo shirt
Anna Field Curvy,548,£12.99,Print T-shirt
Even&Odd Curvy,549,£12.99,Print T-shirt
EDITED,550,£34.99,TAREN - Top
Anna Field,551,£15.99,3 PACK - Top
Vero Moda,552,£10.79,VMSAGA - Print T-shirt
Anna Field,553,£19.99,3 PACK - Basic T-shirt
Even&Odd,554,£15.99,Top
Tommy Jeans,555,£24.79,SKINNY STRETCH V NECK - Basic T-shirt
Tommy Hilfiger,556,£26.99,AISHA BOAT - Long sleeved top
Even&Odd,557,£14.99,BODYSUIT BASIC - Long sleeved top
Anna Field Petite,558,£7.79,Basic T-shirt
ONLY,559,£13.19,ONLCORTNEY HOOD - Long sleeved top
Banana Republic,560,£34.99,FLUTTER SLEEVE TIE NECK SOLIDS - Basic T-shirt
Levi's®,561,£29.99,TEE 2 PACK - Basic T-shirt
Mavi,562,£20.99,KEEP NATURE PRINTED TEE - Print T-shirt
Anna Field,563,£19.99,3 PACK - Basic T-shirt
Vero Moda,564,£10.79,VMCARINAAVA - Print T-shirt
NEW girl ORDER,565,£34.99,BITTER SWEET CHERRY ACID WASH - Long sleeved top
Even&Odd,566,£12.99,Top
JDY,567,£21.99,JDYSHANDIE LIFE 2 PACK - Top
Marc O'Polo,568,£34.99,LONG SLEEVE BOAT NECK - Long sleeved top
InWear,569,£54.99,VIKSA  - Print T-shirt
Even&Odd,570,£39.99,KNITWEAR SET - Cardigan
Guess,571,£31.99,EYELET LOGO - Print T-shirt
YOURTURN,572,£7.79,Print T-shirt
Morgan,573,£27.99,Print T-shirt
Anna Field Petite,574,£12.99,Long sleeved top
ONLY,575,£17.99,ONLLINA - Top
Even&Odd,576,£6.59,Basic T-shirt
Tommy Hilfiger,577,£22.49,REGULAR BOX TEE - Print T-shirt
Anna Field,578,£8.44,Long sleeved top
InWear,579,£54.99,VIKSA  - Print T-shirt
YOURTURN,580,£8.99,Print T-shirt
Samsøe Samsøe,581,£34.99,NOBEL STRIPE - Long sleeved top
Guess,582,£31.99,ROLL CUFF - Print T-shirt
Abercrombie & Fitch,583,£27.29,CROCHET VNECK TANK - Top
Tommy Hilfiger,584,From £35.19,REGULAR CIRCLE TEE - Print T-shirt
ONLY Carmakoma,585,£16.99,CARFIRSTLY LIFE - Print T-shirt
Levi's®,586,£18.19,THE PERFECT TEE - Print T-shirt
InWear,587,£54.99,VIKSA  - Print T-shirt
Esprit Collection,588,£28.99,Print T-shirt
Vero Moda,589,£23.99,VMSWEET V NECK - Blouse
G-Star,590,£17.49,CORE OVVELA - Print T-shirt
BDG Urban Outfitters,591,£27.99,SEAMLESS BALET WRAP - Long sleeved top
adidas Originals,592,£24.99,TREFOIL TEE - Print T-shirt
Zizzi,593,£14.39,Long sleeved top
American Eagle,594,£25.99,CINCH FRONT SMOCK TUBE - Top
Polo Ralph Lauren,595,£49.99,Basic T-shirt
The North Face,596,£29.99,TEE - Print T-shirt
Massimo Dutti,597,£39.95,Top
Anna Field Petite,598,£11.19,2 PACK - Top
Marc O'Polo DENIM,599,£26.99,LONGSLEEVE ROUNDNECK WITH HEM RUFFLES - Long sleeved top
Zign,600,£6.59,Top
G-Star,601,£31.49,WAISTED - Print T-shirt
Polo Ralph Lauren,602,£69.99,Long sleeved top
Marc O'Polo,603,£29.24,LONG SLEEVE ROUND NECK - Long sleeved top
Fashion Union,604,£19.99,SIREN BRALET - Top
JDY,605,£17.99,JDYJENNIFER LIFE SINGLET - Top
Esprit,606,£14.99,TEE - Print T-shirt
Marc O'Polo DENIM,607,£44.99,LONG SLEEVE CREW NECK - Long sleeved top
Kaffe,608,£29.99,FLORAL - Print T-shirt
Even&Odd,609,£12.99,Long sleeved top
Vero Moda,610,£17.99,VMAMAYA OFF SHOULDER - Top
ONLY,611,£17.99,ONLELCOS - Long sleeved top - light grey melange/black
Versace Jeans Couture,612,£139.99,TEE - Print T-shirt
Zign,613,£12.99,Basic T-shirt
Even&Odd,614,£10.99,Top
edc by Esprit,615,£13.49,Long sleeved top
Marc O'Polo DENIM,616,£30.99,Long sleeved top
Tommy Hilfiger,617,£47.99,SHORT SLEEVE SLIM STRIPE - Polo shirt
ONLY,618,£17.99,ONLKITA JESS NEW - Long sleeved top
Vila,619,£18.99,VIVIKOA SLEEVE - Long sleeved top
Mavi,620,£15.99,SELF LOVE  - Print T-shirt
Kaffe,621,£34.99,KABERA AMBER BLOUSE - Blouse
Morgan,622,£23.99,DODO - Top
FUBU,623,£34.99,VARSITY GRADIENT BASEBALL - Print T-shirt
Trendyol,624,£14.99,Print T-shirt
True Religion,625,£89.99,CREW NECK - Print T-shirt
Tommy Jeans,626,£25.99,ORIGINAL SOFT TEE - Basic T-shirt - light grey
Anna Field,627,£6.49,Basic T-shirt
Edwin,628,£19.49,KATAKANA EMBROIDERY - Print T-shirt
aerie,629,£20.99,CROP HENLEY TEE - Long sleeved top
Polo Ralph Lauren,630,From £32.99,Long sleeved top
Champion Rochester,631,£26.34,CREWNECK - Print T-shirt
Anna Field Petite,632,£15.99,3 PACK - Basic T-shirt
Banana Republic,633,£33.99,TANK BODYSUIT - Top
Mango,634,£29.99,NURIET - Polo shirt
Edwin,635,£20.99,KAMIFUJI UNISEX - Print T-shirt
Kaffe,636,£25.99,YOKO - Long sleeved top
Anna Field,637,£19.99,3 PACK - Basic T-shirt
Anna Field Petite,638,£8.44,Long sleeved top
Vero Moda,639,£10.79,VMOLINE - Long sleeved top
Gestuz,640,£29.99,MALBA - Top
Even&Odd,641,£14.99,Long sleeved top
ARKET,642,£30.59,LONGSLEEVE - Long sleeved top
Even&Odd,643,£13.49,Print T-shirt
GAP,644,£19.49,PINTUCK  - Top - navy
Nümph,645,£22.74,NUDARI  - Long sleeved top
Rich & Royal,646,£34.99,HEAVY LONGSLEEVE - Long sleeved top
comma,647,£26.39,Long sleeved top
Modström,648,£30.99,KROWN - Basic T-shirt
Marc O'Polo DENIM,649,£38.99,Long sleeved top
Superdry,650,£26.99,PREMIUM GOODS LUXE ENTRY TEE - Print T-shirt
Anna Field Curvy,651,£10.99,Top
Opus,652,£39.99,SUDELLA CROCHET - Print T-shirt
Pier One,653,£8.99,Basic T-shirt
Rosemunde,654,£47.99,ORGANIC VNECK REGULAR - Long sleeved top
Marc O'Polo DENIM,655,£34.99,SHORT SLEEVE WIDE BODYSHAPE - Basic T-shirt
Anna Field MAMA,656,£10.99,Long sleeved top
Marc O'Polo,657,£38.99,LONG SLEEVE ROUND NECK - Long sleeved top
Tommy Jeans,658,£29.99,CLASSICS STRIPE TEE - Print T-shirt
Even&Odd Curvy,659,£12.99,Print T-shirt
Calvin Klein Jeans,660,£29.99,SHRUNKEN INSTITUTIONAL TEE - Print T-shirt
InWear,661,£44.99,RINDA - Blouse
Even&Odd,662,£15.99,2 PACK - Top
Even&Odd,663,£10.99,Long sleeved top
YOURTURN,664,£8.99,UNISEX - Print T-shirt
Kaffe,665,£34.99,KACALINA BLOUSE - Blouse
JDY,666,£12.99,JDYCATHINKA - Print T-shirt
More & More,667,£34.99,Top
Hollister Co.,668,£15.39,BUTTON THRU HENLEY - Long sleeved top
adidas Originals,669,From £29.95,Long sleeved top
InWear,670,£34.99,SICILY - Blouse
Opus,671,£41.64,GELLINA - Print T-shirt
Pieces,672,£17.99,PCPINA - Top
Weekday,673,£15.39,BLISS  - Print T-shirt
InWear,674,£69.99,JULIANE BLOUSE - Long sleeved top
Esprit,675,£11.39,Long sleeved top
Even&Odd,676,£12.99,Print T-shirt
Hollister Co.,677,£14.99,ICON EASY  - Print T-shirt - white/blue
Vero Moda,678,£12.99,VMAVA - Basic T-shirt
Anna Field MAMA,679,£7.69,Long sleeved top
Tommy Jeans,680,£29.99,REGULAR C NECK - Basic T-shirt
Vila,681,£15.99,VISAFINA DETAIL SINGLET - Top
Guess,682,£32.99,ICON TEE - Print T-shirt
adidas Originals,683,From £29.95,CROP - Long sleeved top
mbyM,684,£39.99,LIONE - Long sleeved top
Marc O'Polo,685,£38.49,Basic T-shirt
JDY,686,£12.99,JDYSTAAR LIFE - Blouse
Zign,687,£12.99,Top
Zign,688,£10.99,Top
Massimo Dutti,689,£39.95,Print T-shirt
ICHI,690,£29.99,IHLIKE - Top
Even&Odd,691,£5.84,Top
Even&Odd,692,£15.39,3 PACK - Basic T-shirt
Morgan,693,£41.99,Top
Mavi,694,£15.99,CAT PRINTED TEE - Print T-shirt
Anna Field,695,£19.99,3 PACK - Top
Armani Exchange,696,£43.99,Print T-shirt
Desigual,697,£25.49,MANDRAGORA - Print T-shirt
Vero Moda,698,£17.99,VMBOCA  - Blouse
River Island,699,£44.99,SET - Top
Massimo Dutti,700,£49.95,Blouse
YOURTURN,701,£10.79,UNISEX - Print T-shirt
Vero Moda,702,£17.99,VMSAGA - Print T-shirt
Esprit,703,£25.99,BLOUSE - Top
Tommy Jeans,704,£44.99,FLAG  - Long sleeved top
Anna Field,705,£11.99,Long sleeved top
Opus,706,£39.99,FLUSI - Blouse
Morgan,707,£31.99,Print T-shirt
Pieces,708,£14.99,PCANG  - Print T-shirt
Levi's®,709,£15.59,HOUSEMARK GRAPHIC TEE UNISEX - Print T-shirt
River Island Petite,710,£31.99,Long sleeved top
Monki,711,£20.99,TEE 3 PACK - Print T-shirt
Vero Moda,712,£13.19,VMROMA 2 PACK - Top
Ted Baker,713,£40.49,DANCIE - Print T-shirt
Pieces,714,£14.99,PCNUKISA MOCK NECK - Basic T-shirt
GAP,715,£29.99,FRANCHISE TEE 2 PACK - Print T-shirt
Calvin Klein Jeans,716,£29.99,LOGO SLIM FIT TEE - Print T-shirt
Hollister Co.,717,£14.99,POINTELLE BUTT THRUSET - Long sleeved top
Hollister Co.,718,£10.19,Top
Kaffe,719,£34.99,SOVITA - Print T-shirt
Esprit,720,£34.99,Print T-shirt
Mos Mosh,721,£48.99,KAY TEE - Basic T-shirt
Modström,722,£30.99,KROWN - Basic T-shirt
Abercrombie & Fitch,723,£42.99,VNECK 3 PACK - Basic T-shirt
Calvin Klein Jeans,724,£34.99,LOGO INTARSIE TEE - Print T-shirt
Culture,725,From £29.99,KAJSA - Basic T-shirt
Marc O'Polo DENIM,726,£44.99,SHORTSLEEVE - Print T-shirt
Even&Odd,727,£12.99,2 PACK - Top
New Look,728,£17.99,POPPER BODY - Long sleeved top
Vero Moda,729,£17.99,VMNADS SHOULDER FRILL - Basic T-shirt
b.young,730,£17.99,BYMMJOELLA - Top
Vila,731,£18.99,VICOTTA STRAP - Top
YOURTURN,732,£12.99,UNISEX - Print T-shirt
Vero Moda,733,£18.99,VMARIA BLOUSE - Blouse
Culture,734,£49.99,ANTONIETT - Print T-shirt
edc by Esprit,735,£14.99,CORE HIGH - Basic T-shirt
Anna Field Petite,736,£10.99,Print T-shirt
Tommy Jeans,737,£31.99,BADGE LONGSLEEVE - Long sleeved top
Marc O'Polo DENIM,738,£34.99,LONG SLEEVE RAGLAN SLEEVE RELAXED FIT - Long sleeved top
Anna Field,739,£10.19,Long sleeved top
NEW girl ORDER,740,£37.99,SLEEVE PRINT - Long sleeved top
Tommy Hilfiger,741,£35.99,Long sleeved top
Anna Field,742,£19.99,V Neck top - Blouse
Even&Odd,743,£9.59,Print T-shirt
Esprit Collection,744,£28.99,Basic T-shirt
GAP,745,£21.99,BATEAU - Long sleeved top
Cream,746,£49.99,SAMA - Blouse
Anna Field,747,£17.59,3 PACK - Basic T-shirt
Trendyol,748,£14.99,Long sleeved top
ONLY,749,£17.99,ONLMILLIE LIFE GLITTER - Print T-shirt
Abercrombie & Fitch,750,£17.99,SOFT ICON TEE - Basic T-shirt
Morgan,751,£27.99,DERNA - Print T-shirt
Tommy Jeans,752,£29.99,ESSENTIAL LOGO TEE - Print T-shirt
ONLY,753,£14.99,ONLMOON SINGLET - Top
Kaffe,754,£34.99,KACALINA BLOUSE - Blouse
Zizzi,755,£44.99,MJAVA BLOUSE - Long sleeved top
Calvin Klein Jeans,756,From £34.99,CORE MONOGRAM LOGO - Print T-shirt
Tommy Hilfiger,757,£31.49,REGULAR OPEN SCRIPT TEE - Print T-shirt
Anna Field,758,£9.99,Basic T-shirt
The North Face,759,£21.59,COORDINATES TEE - Print T-shirt
Nike SB,760,£17.99,TEE ESSENTIALS UNISEX - Basic T-shirt
Anna Field,761,£12.99,Basic T-shirt
Calvin Klein,762,£34.99,PRIDE REGULAR FIT CORE LOGO TEE - Print T-shirt
Levi's®,763,£15.39,PERFECT TEE - Basic T-shirt
Guess,764,£29.99,ORIGINAL - Print T-shirt - jet black
Anna Field,765,£13.99,V Neck top - Blouse
Tommy Jeans,766,£39.99,OVERSIZED BADGE SLIT TEE - Print T-shirt
Tommy Hilfiger,767,£40.49,ESSENTIAL - Print T-shirt
Anna Field,768,£14.99,Long sleeved top
Culture,769,£44.99,MOURITZA CAPSLEEVE - Blouse
Even&Odd,770,£15.99,Top
Vero Moda,771,£15.99,VMLUA 2 PACK - Basic T-shirt
TOM TAILOR,772,£31.99,VERTICAL STRIPE - Blouse
More & More,773,£34.99,BLOUSE NON SLEEVE - Top
Zizzi,774,£29.99,XFRITTI - Basic T-shirt
Vila,775,£14.39,VIPRISELLA  - Print T-shirt
Wrangler,776,£29.99,HIGH REGULAR TEE - Print T-shirt
Anna Field Petite,777,£19.99,3 PACK - Top
Saint Tropez,778,£37.49,VALERIE  - Blouse
Wallis,779,£24.79,Long sleeved top
Even&Odd,780,£12.99,2 PACK - Top
Culture,781,£29.99,KAJSA - Basic T-shirt
Even&Odd,782,£9.59,Long sleeved top
Even&Odd,783,£9.59,Long sleeved top
Anna Field,784,£8.99,Basic T-shirt
Trendyol,785,£32.29,Long sleeved top
Culture,786,£29.99,KAJSA - Basic T-shirt
Wallis,787,£19.99,FOILED STAR  - Long sleeved top
Anna Field,788,£19.99,3 PACK - Top
Envie de Fraise,789,£27.19,FIONA - Basic T-shirt
Anna Field Petite,790,£15.99,2PACK  - Long sleeved top
Monki,791,£11.69,NONNA  - Long sleeved top
YOURTURN,792,£10.99,Print T-shirt
Anna Field,793,£25.99,5 PACK - Top
Anna Field,794,£9.09,Print T-shirt
b.young,795,£39.99,Print T-shirt
Morgan,796,£31.99,DIMON - Blouse
Marc O'Polo,797,£38.99,Long sleeved top
Even&Odd,798,£12.99,Long sleeved top
Vila,799,£14.99,VISONILLA DETAIL - Top
Esprit Collection,800,£42.99,LACE SHIRT - Print T-shirt
Tommy Hilfiger,801,£44.99,BOAT NECK TEE 3/4 - Long sleeved top
Redefined Rebel,802,£6.59,JUAN TEE UNISEX - Print T-shirt
edc by Esprit,803,£13.49,Long sleeved top
JDY,804,£15.39,JDYSACRAMENTO  - Long sleeved top
Nike Sportswear,805,£25.99,TEE - Long sleeved top
Noisy May,806,£23.39,NMNERO HOODIE - Print T-shirt
mbyM,807,£26.99,MYERS - Top
Polo Ralph Lauren,808,£54.99,Basic T-shirt
Even&Odd,809,£15.99,2 PACK - Top
Cream,810,£39.99,ALENA - Blouse
Vila,811,£21.99,VIESTELA CAMIS - Top
Anna Field,812,£16.89,Long sleeved top
Abercrombie & Fitch,813,£41.99,VOLUME SMOCKED BABYDOLL - Print T-shirt
Anna Field,814,£14.99,2 PACK  - Basic T-shirt
Vero Moda,815,£14.99,VMKATE - Top
Hollister Co.,816,£14.99,SLIM TREND - Long sleeved top
Carhartt WIP,817,£49.99,ROBIE  - Long sleeved top
TOM TAILOR DENIM,818,£13.99,BASIC EMBRO TEE - Print T-shirt
Massimo Dutti,819,£29.95,Top
Zizzi,820,£29.99,XFRITTI - Basic T-shirt
Levi's®,821,£18.19,THE PERFECT TEE - Print T-shirt
Weekday,822,£11.99,TRISH - Basic T-shirt
Esprit,823,£17.99,CLOUDY - Basic T-shirt
YOURTURN,824,£12.99,Print T-shirt
ONLY,825,£17.99,ONLALBA  - Basic T-shirt
Even&Odd,826,£12.99,2 PACK - Top
Diesel,827,From £20.99,T-DIEGOS-K16 UNISEX - Print T-shirt
Marc O'Polo,828,£35.99,LONG SLEEVE ROUND NECK - Long sleeved top
Kaffe,829,£39.99,KACRISTY - Print T-shirt
Levi's®,830,£22.09,THE PERFECT TEE - Print T-shirt
Vero Moda,831,£11.69,VMSUPER - Long sleeved top
Vila,832,£17.99,VIEDENA KNOT SINGLET - Top
adidas Originals,833,£19.79,TEE - Basic T-shirt
Calvin Klein Jeans,834,£44.99,ARCHIVES TEE - Print T-shirt
Even&Odd,835,£9.59,Long sleeved top
RETHINK Status,836,£16.99,UNISEX REGULAR FIT - Print T-shirt
Soft Rebels,837,£28.99,ELLA TANK - Top
Even&Odd,838,£16.99,3 PACK - Top
Even&Odd,839,£15.99,2 PACK - Top
Even&Odd,840,£8.99,Long sleeved top
Monki,841,£11.69,CHERRY PARTY - Top
Anna Field Curvy,842,£11.89,2 PACK - Top
Esprit Collection,843,£34.99,NEW TO REPEAT - Blouse
Calvin Klein,844,£34.99,CORE LOGO CREW TEE - Print T-shirt
The Kooples,845,£84.99,Print T-shirt
Soyaconcept,846,£38.99,PAMELA  - Blouse
mine to five TOM TAILOR,847,£44.99,BLOUSE V NECK PRINTED - Print T-shirt
Calvin Klein,848,£49.99,SLIM FIT DIAMANTE TEE - Print T-shirt
Anna Field,849,£7.79,Basic T-shirt
Anna Field Curvy,850,£15.99,Basic T-shirt
GAP Petite,851,£27.19,BODYSUIT - Long sleeved top
Samsøe Samsøe,852,£34.99,ALEXA - Long sleeved top
Carin Wester,853,£34.99,STORM - Basic T-shirt
JDY,854,£12.99,JDYCATHINKA - Print T-shirt
Calvin Klein Jeans,855,£29.99,INSTITUTIONAL LOGO TEE - Print T-shirt
Even&Odd Curvy,856,£14.39,2 PACK - Top
JDY,857,£10.19,Print T-shirt
Noisy May,858,£13.19,NMANDY LICENSE - Print T-shirt
River Island,859,£27.99,Long sleeved top - orange
Anna Field,860,£8.99,Long sleeved top
Levi's®,861,£20.99,BABY TEE - Long sleeved top
Rosemunde,862,£49.99,Top
Marc O'Polo,863,£43.99,Basic T-shirt
Cotton On,864,£14.99,CLASSIC DISNEY - Print T-shirt
Even&Odd,865,£10.79,Long sleeved top
Anna Field,866,£10.99,Top
Kaffe,867,£34.99,KAANN BLOUSE - Blouse
King Louie,868,£34.99,KNOT BABYLON STRIPE - Print T-shirt
Anna Field Petite,869,£10.79,Blouse
ONLY,870,£7.79,ONLSIMPLE LIFE BUTTON - Basic T-shirt
Esprit,871,£13.99,CORE - Print T-shirt
Anna Field,872,£10.19,Long sleeved top
Calvin Klein Jeans Plus,873,£34.99,MONOGRAM LOGO REG FIT TEE - Print T-shirt
Morgan,874,£23.79,DEXIA - Print T-shirt
Even&Odd,875,£12.99,Print T-shirt
Even&Odd,876,£12.59,2 PACK - Top
Ragwear,877,£43.99,LUCIE - Long sleeved top
Pieces,878,£17.99,PCANNA - Long sleeved top
ARKET,879,£16.99,LONGSLEEVE - Long sleeved top
Massimo Dutti,880,£59.95,Top
Anna Field,881,£12.79,2ER PACK  - Print T-shirt
Marc O'Polo,882,£34.99,LONGSLEEVE - Long sleeved top
JDY,883,£14.99,JDYFRULLA SMOCK STRAP - Top
Wrangler,884,£43.99,SPAGHETTI STRAP - Top
Freequent,885,£49.99,NADY - Print T-shirt
Trendyol,886,£11.19,VIZON - Basic T-shirt
American Vintage,887,£44.99,SONOMA - Top
Massimo Dutti,888,£44.95,Basic T-shirt
TOM TAILOR DENIM,889,£26.99,Long sleeved top - mint
NEW girl ORDER,890,£29.99,MOVE YOUR BODY TEE - Long sleeved top
Tommy Hilfiger,891,£31.49,REGULAR CIRCLE TEE - Print T-shirt
Monki,892,£15.59,BARB 2 PACK - Long sleeved top
American Eagle,893,£25.99,CINCH FRONT SMOCK TUBE - Top
InWear,894,£44.99,JESARAIW - Blouse
Modström,895,£30.99,KROWN - Basic T-shirt
Forever New,896,£26.24,BRANDI HIGH NECK LONG SLEEVE - Long sleeved top
More & More,897,From £34.99,BLOUSE NON SLEEVE - Top
Saint Tropez,898,£26.24,EMANUELA - Long sleeved top
ONLY,899,£14.24,ONLDISNEY MIX BOX - Print T-shirt
Soyaconcept,900,£34.99,RADIA  - Blouse
NU-IN,901,£34.99,SPAGHETTI STRAP CAMI - Top
Guess,902,£26.24,TEE - Print T-shirt
Roxy,903,£26.99,HYPNOTIZED BY TEE - Top
Lindex,904,£14.99,TOM - Basic T-shirt
adidas Originals,905,£34.95,ADICOLOR ESSENTIALS T-SHIRT - Print T-shirt
Nike Sportswear,906,£30.99,Print T-shirt
Even&Odd,907,£15.99,Print T-shirt
Even&Odd,908,£8.99,Long sleeved top
Anna Field,909,£15.99,Long sleeved top
Marc O'Polo,910,£28.99,Basic T-shirt
Trendyol,911,£11.69,Print T-shirt
NEW girl ORDER,912,£32.99,HEART GINGHAM - Print T-shirt
The North Face,913,£26.24,COORDINATES TEE - Long sleeved top
Even&Odd Curvy,914,£12.99,Basic T-shirt
Cotton On,915,£14.99,CLASSIC DISNEY - Print T-shirt
Carhartt WIP,916,£44.99,ROBIE - Print T-shirt
Levi's®,917,£29.99,TEE 2 PACK - Basic T-shirt
Morgan,918,£18.19,ORLA - Top
Abercrombie & Fitch,919,£20.29,HENLEY  - Print T-shirt
Pepe Jeans,920,£29.99,BEA 2 PACK - Basic T-shirt
Anna Field,921,£7.14,Top
Calvin Klein Jeans,922,£29.99,TONAL MONOGRAM TEE - Print T-shirt
Morgan,923,£23.79,DEXIA - Print T-shirt
Saint Tropez,924,£24.99,ADELIA - Basic T-shirt
Marc O'Polo DENIM,925,£30.99,REGULAR FIT - Basic T-shirt
Anna Field,926,£9.59,Long sleeved top
ARKET,927,£41.99,BLOUSE - Blouse - grey
Calvin Klein Jeans Plus,928,£29.99,ROUND TEE - Print T-shirt
Abercrombie & Fitch,929,£34.99,PLEATED WIDE STRAP BUTTON THRU CAMI - Top
Mango,930,£49.99,Blouse
Esprit,931,£31.99,TEE - Print T-shirt
BDG Urban Outfitters,932,£21.99,IMOGEN TANK - Top
Tommy Jeans,933,£27.99,BADGE TEE - Basic T-shirt
ONLY,934,£14.39,ONLSILLE - Blouse
Samsøe Samsøe,935,£34.99,ALEXA - Long sleeved top
American Vintage,936,£49.99,SONOMA - Basic T-shirt
Vintage Supply,937,£26.99,VINCENT FRONT PRINT TEE UNISEX - Print T-shirt
Tommy Hilfiger,938,£31.49,AISHA BOAT - Long sleeved top
American Eagle,939,£24.49,PLUSH - Long sleeved top
GANT,940,£34.99,ARCHIVE SHIELD  - Print T-shirt
Tommy Jeans,941,£34.99,METALLIC LOGO TEE - Print T-shirt
Vero Moda,942,£17.99,VMWIDE STRIPE TOP  - Print T-shirt
Mango,943,£29.99,JAVITA - Top
Glamorous,944,£29.99,2 PACK BRALET WITH PLUNGE NECKLINE  - Top
Glamorous,945,£32.99,MAYA HALTER NECK CROP WITH OPEN BACK AND LOW V NECK 2 PACK - Top
Moss Copenhagen,946,£19.99,ALVA TEE - Basic T-shirt
ONLY,947,£18.99,ONLARIA BOX - Print T-shirt
ICHI,948,£29.99,IHMELLOW - Print T-shirt
Tommy Jeans,949,£23.99,LOGO TEE UNISEX - Long sleeved top
Even&Odd,950,£9.09,Print T-shirt
Wallis,951,£30.99,SPOT DOUBLE FRILL - Blouse
Fiorucci,952,£74.99,VINTAGE ANGELS TEE  - Print T-shirt
Massimo Dutti,953,£29.95,Basic T-shirt
Converse,954,£24.99,RENEW TEE UNISEX - Print T-shirt
GAP,955,£21.99,BATEAU - Long sleeved top
Fashion Union,956,£19.99,VENICE  - Print T-shirt
Esprit Collection,957,£42.99,LACE SHIRT - Print T-shirt
Pieces,958,£14.99,PCTOPPY STRAP - Top
Fashion Union,959,£22.09,OLIVIA - Blouse
Superdry,960,£26.99,CLASSIC RAINBOW ENTRY TEE - Print T-shirt
edc by Esprit,961,£13.99,CORE - Basic T-shirt
Even&Odd,962,£16.99,Top
Seidensticker,963,£79.99,Blouse
Esprit Collection,964,£35.99,NEW TO REPEAT - Blouse
Hollister Co.,965,£16.99,Print T-shirt
Lee,966,£34.99,WRAP TEE - Print T-shirt
Tommy Hilfiger Curve,967,£34.99,REGULAR TEE - Print T-shirt
Hollister Co.,968,£16.19,PRINT - Long sleeved top
Versace Jeans Couture,969,£139.99,Top
Even&Odd,970,£18.59,2 PACK - Basic T-shirt
Banana Republic,971,£34.99,SHELL SHINE - Top
Esprit,972,£17.99,TEE - Print T-shirt
Lauren Ralph Lauren,973,£39.99,Basic T-shirt
Vero Moda,974,£14.99,VMZOE TEE - Basic T-shirt
Freequent,975,£39.99,LEVA - Print T-shirt
Calvin Klein,976,£39.99,VEST - Top
Calvin Klein Jeans,977,£37.79,LOGO TRIM TEE - Print T-shirt - lila
Zign,978,£7.79,Top
Anna Field,979,£10.79,Top
Glamorous,980,£25.99,PLUNGE TIE WAIST LONG SLEEVE CROP - Long sleeved top
Won Hundred,981,£39.99,PROOF - Print T-shirt
Won Hundred,982,£49.99,BROOKLYN - Print T-shirt
Won Hundred,983,£39.99,PROOF - Basic T-shirt
Won Hundred,984,£49.99,BROOKLYN - Basic T-shirt
Won Hundred,985,£39.99,PROOF - Basic T-shirt
Anna Field,986,£8.99,Basic T-shirt
Marc O'Polo,987,£34.99,Long sleeved top
Even&Odd,988,£10.79,2 PACK - Top
Zizzi,989,£32.99,ECARRIE TEE - Basic T-shirt
comma casual identity,990,£50.99,Long sleeved top
Calvin Klein Jeans,991,£31.49,LOGO TEE - Print T-shirt
Calvin Klein Jeans,992,£34.99,MONOGRAM - Top
Even&Odd,993,£8.99,Long sleeved top
Marc O'Polo DENIM,994,£44.99,ROUNDNECK WITH SPECIAL DETAIL - Basic T-shirt
Cream,995,£49.99,CRTILEY BLOUSE - Long sleeved top
Anna Field,996,£17.99,2 PACK - Top
Marc O'Polo,997,£41.99,LONG SLEEVE - Long sleeved top
Rich & Royal,998,£34.99,Long sleeved top
Freeman T. Porter,999,£34.99,LARA PLAIN - Top
adidas Originals,1000,£24.74,PREMIUM TEE UNISEX - Basic T-shirt
Ted Baker,1001,£31.49,IRENNEE - Print T-shirt
Guess,1002,£31.99,KAROLINA - Long sleeved top
Opus,1003,From £34.99,SAUMI - Print T-shirt
Tommy Hilfiger,1004,£35.99,COOL SLIM ROUND - Print T-shirt
Selected Femme,1005,£29.99,SLFPALM HIGH NECK TEE - Basic T-shirt
mbyM,1006,£39.99,LIONE - Long sleeved top
Even&Odd,1007,£12.99,Print T-shirt
Even&Odd,1008,£11.19,2 PACK - Top
Trendyol,1009,£11.24,Long sleeved top
Nike Sportswear,1010,£26.34,Print T-shirt
Abercrombie & Fitch,1011,£14.29,NOTCH NECK CHASE  - Long sleeved top
EDITED,1012,£34.99,CLAUDIA - Top
Even&Odd Curvy,1013,£12.99,HATTIE WILDFLOWERS NO RAIN TEE - Print T-shirt
mbyM,1014,£38.99,CARLINNA - Long sleeved top
Anna Field MAMA,1015,£8.79,Nursing - Top - Top
Forever New,1016,£26.39,MADDIE SQUARE NECK TEE - Basic T-shirt
Morgan,1017,£27.99,DORE - Print T-shirt
Saint Tropez,1018,£34.99,AILEEN - Blouse
NU-IN,1019,£34.99,SPAGHETTI STRAP CAMI - Top
Rosemunde,1020,£28.79,STRAP - Top
More & More,1021,£35.99,BLOUSE - Blouse
Milk it,1022,£31.99,ASH TEE - Top
YOURTURN,1023,£12.99,Print T-shirt
Trendyol,1024,£12.99,Print T-shirt
Replay,1025,£49.99,Print T-shirt
Even&Odd,1026,£12.99,Print T-shirt
YAS,1027,£16.79,YASSISLAS STRAP TOP  - Top
Nike Sportswear,1028,£21.99,Print T-shirt
Esprit,1029,£14.99,Basic T-shirt
adidas Originals,1030,£19.95,TEE - Basic T-shirt
Tommy Jeans,1031,£41.99,RELAXED CIRCLE SIGNATURE TEE - Print T-shirt
edc by Esprit,1032,£18.99,POINTELLE - Print T-shirt
NAF NAF,1033,£34.99,SUMMER DEB - Top
Weekday,1034,£17.99,JANE TANK - Top
American Vintage,1035,£44.99,SONOMA - Top
ONLY,1036,£17.99,ONLPELLA SMOCK - Print T-shirt
ONLY,1037,£13.19,ONLSILLE - Print T-shirt
Weekday,1038,£21.99,VERA MOCKNECK - Long sleeved top - black
Superdry,1039,£26.99,Print T-shirt
Missguided,1040,£29.99,RACER NECK CROP 2 PACK - Top
Marc O'Polo,1041,£38.99,LONG SLEEVE - Long sleeved top
American Vintage,1042,£69.99,NONOGARDEN CAMI - Top
Esprit,1043,£22.99,Polo shirt
Levi's®,1044,£15.59,TEE UNISEX - Print T-shirt
The Ragged Priest,1045,£42.99,INSPIRE TEE - Long sleeved top
Vero Moda,1046,£12.99,VMAVA VNECK TEE  - Basic T-shirt
mbyM,1047,£39.99,LIONE - Long sleeved top
Trendyol,1048,£25.99,SET - Top
Superdry,1049,£19.54,CROCHET INSERT VEST - Top
Cream,1050,£26.99,CRKARY GRANDDAD - Long sleeved top
Massimo Dutti,1051,£59.95,Top
edc by Esprit,1052,£13.99,TEE - Print T-shirt
Fashion Union,1053,£21.99,DREW - Print T-shirt
Marc O'Polo,1054,£28.99,Basic T-shirt
Zign,1055,£10.39,Print T-shirt
Anna Field,1056,£14.99,Print T-shirt
Madewell,1057,£28.79,DELANCEY TEE IN DIP DYE - Long sleeved top
adidas Originals,1058,£45.49,BODY - Long sleeved top
JDY,1059,£11.04,JDYCATHINKA - Print T-shirt
NAF NAF,1060,£22.99,GEORGIA  - Top
BOSS,1061,£45.00,C_ELOGO - Print T-shirt
Anna Field,1062,£15.59,Long sleeved top
Anna Field,1063,£9.99,Basic T-shirt
adidas Performance,1064,£22.95,ADIDAS SPORTSWEAR WINNERS 2.0 TANK TOP - Top
Marc O'Polo,1065,£14.99,Print T-shirt
The North Face,1066,£18.89,COORDINATES TEE - Print T-shirt
Tommy Hilfiger,1067,£30.79,REGULAR SCRIPT OPEN TEE - Print T-shirt
